Workbook

Sheet form02
M1: f02
M2: =IF(OR(M4="FALSE",M5="FALSE",M7="FALSE"),FALSE,TRUE) -> TRUE | O2: =IF(OR(M7="FALSE",M8="FALSE"),"عذرا ,تأكد من إدخال الأجور لكل الأرقام الـتأمينية ","") -> عذرا ,تأكد من إدخال الأجور لكل الأرقام الـتأمينية
M4: =IF(COUNTIF(Sheet2!A15:A70000,FALSE),"FALSE","TRUE") -> TRUE | O4: =IF(M4="FALSE","تأكد من أن الأجر التأميني أكبر من الحد الأدني واقل من الحد الأقصى","")
M5: =IF(COUNTIF(Sheet2!B15:B70000,FALSE),"FALSE","TRUE") -> TRUE | O5: =IF(M5="FALSE"," الأجر الشامل يجب أن يكون أكبر من او يساوي الأجر التأميني وأقل من او يساوي 99999","")
A6: أسم المنشأة | G6: رقم المنشأة | O6: =IF(M6="FALSE","تأكد من أن الأجر الشامل اقل او يساوي 99999","")
A7: منطقة : | G7: مكتب: | M7: =IF(COUNTA(G15:G70000)<B9,"FALSE","TRUE") -> TRUE
A8: طلب إشتراك منشأة أو إخطار تعديل أجور المؤمن عليهم | M8: =IF(AND(SUM(G15:G70000)=0,SUM(H15:H70000)=0),"FALSE","TRUE") -> FALSE | O8: =L12 -> 2700 | P8: الحد الأدني للأجر التأميني
A9: إجمالي عدد المؤمن عليهم | B9: =COUNTA(A15:A70000) -> 0 | G9: عاملا | O9: =L14 -> 16700 | P9: الحد الأقصي للأجر التأميني
A11: إجمالي الأجور التأمينية الشهرية بعد التعديل: | B11: =SUM(G15:G70000) -> 0 | L11: الحد الأدنى للتأميني
L12: 2700
A13: الرقم التأميني | B13: إسم المؤمن علية | C13: الحد الأدنى للأجر التأميني | D13: الأجر التأميني السابق | G13: الأجر الشهرى بعد التعديل | L13: الحد الأقصى للتأميني | M13: الحد الأقصى للشامل
G14: التأميني | H14: الشامل | L14: 16700 | M14: 9999999999999
I15: =IF(Sheet2!C15="f","خطأ","")
I16: =IF(Sheet2!C16="f","خطأ","")
I17: =IF(Sheet2!C17="f","خطأ","")
I18: =IF(Sheet2!C18="f","خطأ","")
I19: =IF(Sheet2!C19="f","خطأ","")
I20: =IF(Sheet2!C20="f","خطأ","")
I21: =IF(Sheet2!C21="f","خطأ","")
I22: =IF(Sheet2!C22="f","خطأ","")
I23: =IF(Sheet2!C23="f","خطأ","")
I24: =IF(Sheet2!C24="f","خطأ","")
I25: =IF(Sheet2!C25="f","خطأ","")
I26: =IF(Sheet2!C26="f","خطأ","")
... I5014: =IF(Sheet2!C5014="f","خطأ","")

Sheet Sheet2
A14: الأجر التأمينى أكبر من الحد الأدنى واقل من الحد الأقصى | B14: الأجر الشامل أقل من الأجر التأميني | C14: هل الأجور تنطبق عليها كل الشروط
A15: =IF(OR(form02!G15="",form02!G15=0),TRUE,IF(AND(form02!G15<>"",form02!G15<=form02!$L$14,form02!G15>=form02!C15),TRUE,FALSE)) -> TRUE | B15: =IF(OR(form02!H15="",form02!H15=0),TRUE,IF(AND(form02!H15<>"",form02!H15<=form02!$M$14,form02!H15>=form02!G15),TRUE,FALSE)) -> TRUE | C15: =IF(COUNTIF(A15:B15,FALSE)=0,"t","f") -> t
A16: =IF(OR(form02!G16="",form02!G16=0),TRUE,IF(AND(form02!G16<>"",form02!G16<=form02!$L$14,form02!G16>=form02!C16),TRUE,FALSE)) -> TRUE | B16: =IF(OR(form02!H16="",form02!H16=0),TRUE,IF(AND(form02!H16<>"",form02!H16<=form02!$M$14,form02!H16>=form02!G16),TRUE,FALSE)) -> TRUE | C16: =IF(COUNTIF(A16:B16,FALSE)=0,"t","f") -> t
A17: =IF(OR(form02!G17="",form02!G17=0),TRUE,IF(AND(form02!G17<>"",form02!G17<=form02!$L$14,form02!G17>=form02!C17),TRUE,FALSE)) -> TRUE | B17: =IF(OR(form02!H17="",form02!H17=0),TRUE,IF(AND(form02!H17<>"",form02!H17<=form02!$M$14,form02!H17>=form02!G17),TRUE,FALSE)) -> TRUE | C17: =IF(COUNTIF(A17:B17,FALSE)=0,"t","f") -> t
A18: =IF(OR(form02!G18="",form02!G18=0),TRUE,IF(AND(form02!G18<>"",form02!G18<=form02!$L$14,form02!G18>=form02!C18),TRUE,FALSE)) -> TRUE | B18: =IF(OR(form02!H18="",form02!H18=0),TRUE,IF(AND(form02!H18<>"",form02!H18<=form02!$M$14,form02!H18>=form02!G18),TRUE,FALSE)) -> TRUE | C18: =IF(COUNTIF(A18:B18,FALSE)=0,"t","f") -> t
A19: =IF(OR(form02!G19="",form02!G19=0),TRUE,IF(AND(form02!G19<>"",form02!G19<=form02!$L$14,form02!G19>=form02!C19),TRUE,FALSE)) -> TRUE | B19: =IF(OR(form02!H19="",form02!H19=0),TRUE,IF(AND(form02!H19<>"",form02!H19<=form02!$M$14,form02!H19>=form02!G19),TRUE,FALSE)) -> TRUE | C19: =IF(COUNTIF(A19:B19,FALSE)=0,"t","f") -> t
A20: =IF(OR(form02!G20="",form02!G20=0),TRUE,IF(AND(form02!G20<>"",form02!G20<=form02!$L$14,form02!G20>=form02!C20),TRUE,FALSE)) -> TRUE | B20: =IF(OR(form02!H20="",form02!H20=0),TRUE,IF(AND(form02!H20<>"",form02!H20<=form02!$M$14,form02!H20>=form02!G20),TRUE,FALSE)) -> TRUE | C20: =IF(COUNTIF(A20:B20,FALSE)=0,"t","f") -> t
A21: =IF(OR(form02!G21="",form02!G21=0),TRUE,IF(AND(form02!G21<>"",form02!G21<=form02!$L$14,form02!G21>=form02!C21),TRUE,FALSE)) -> TRUE | B21: =IF(OR(form02!H21="",form02!H21=0),TRUE,IF(AND(form02!H21<>"",form02!H21<=form02!$M$14,form02!H21>=form02!G21),TRUE,FALSE)) -> TRUE | C21: =IF(COUNTIF(A21:B21,FALSE)=0,"t","f") -> t
A22: =IF(OR(form02!G22="",form02!G22=0),TRUE,IF(AND(form02!G22<>"",form02!G22<=form02!$L$14,form02!G22>=form02!C22),TRUE,FALSE)) -> TRUE | B22: =IF(OR(form02!H22="",form02!H22=0),TRUE,IF(AND(form02!H22<>"",form02!H22<=form02!$M$14,form02!H22>=form02!G22),TRUE,FALSE)) -> TRUE | C22: =IF(COUNTIF(A22:B22,FALSE)=0,"t","f") -> t
A23: =IF(OR(form02!G23="",form02!G23=0),TRUE,IF(AND(form02!G23<>"",form02!G23<=form02!$L$14,form02!G23>=form02!C23),TRUE,FALSE)) -> TRUE | B23: =IF(OR(form02!H23="",form02!H23=0),TRUE,IF(AND(form02!H23<>"",form02!H23<=form02!$M$14,form02!H23>=form02!G23),TRUE,FALSE)) -> TRUE | C23: =IF(COUNTIF(A23:B23,FALSE)=0,"t","f") -> t
A24: =IF(OR(form02!G24="",form02!G24=0),TRUE,IF(AND(form02!G24<>"",form02!G24<=form02!$L$14,form02!G24>=form02!C24),TRUE,FALSE)) -> TRUE | B24: =IF(OR(form02!H24="",form02!H24=0),TRUE,IF(AND(form02!H24<>"",form02!H24<=form02!$M$14,form02!H24>=form02!G24),TRUE,FALSE)) -> TRUE | C24: =IF(COUNTIF(A24:B24,FALSE)=0,"t","f") -> t
A25: =IF(OR(form02!G25="",form02!G25=0),TRUE,IF(AND(form02!G25<>"",form02!G25<=form02!$L$14,form02!G25>=form02!C25),TRUE,FALSE)) -> TRUE | B25: =IF(OR(form02!H25="",form02!H25=0),TRUE,IF(AND(form02!H25<>"",form02!H25<=form02!$M$14,form02!H25>=form02!G25),TRUE,FALSE)) -> TRUE | C25: =IF(COUNTIF(A25:B25,FALSE)=0,"t","f") -> t
A26: =IF(OR(form02!G26="",form02!G26=0),TRUE,IF(AND(form02!G26<>"",form02!G26<=form02!$L$14,form02!G26>=form02!C26),TRUE,FALSE)) -> TRUE | B26: =IF(OR(form02!H26="",form02!H26=0),TRUE,IF(AND(form02!H26<>"",form02!H26<=form02!$M$14,form02!H26>=form02!G26),TRUE,FALSE)) -> TRUE | C26: =IF(COUNTIF(A26:B26,FALSE)=0,"t","f") -> t
... A5014: =IF(OR(form02!G5014="",form02!G5014=0),TRUE,IF(AND(form02!G5014<>"",form02!G5014<=form02!$L$14,form02!G5014>=form02!C5014),TRUE,FALSE)) -> TRUE | B5014: =IF(OR(form02!H5014="",form02!H5014=0),TRUE,IF(AND(form02!H5014<>"",form02!H5014<=form02!$M$14,form02!H5014>=form02!G5014),TRUE,FALSE)) -> TRUE | C5014: =IF(COUNTIF(A5014:B5014,FALSE)=0,"t","f") -> t

Sheet Sheet3
